id,breed,ideology,p_A,p_B,p_N,engagement,susceptibility,voting_intention,xcor,ycor
96,youths,A,0.524100252571881,0.12394667169267447,0.35195307573544454,7,0.1,true,-5.455244089969074,-17.77362855427721
5,youths,None,0,0.2890521887581877,0.7109478112418123,8,0.2201917836305684,false,3.150503491104377,2.1662504914217244
376,youths,None,0.2804634264678194,0.3584351129759613,0.3611014605562192,9,0.1,true,4.218646314743669,-4.602445224176613
457,youths,None,0.018275017726691933,0,0.9817249822733081,3,0.2610128375146687,false,-1.4250209439199253,1.4844512699978623
225,youths,B,0.3530321287747134,0.4924408121183831,0.15452705910690354,2,0.1,true,7.621937210480276,20.229319500449527
499,youths,None,0,0,1,5,0.1,false,-13.763226431880113,-8.015614085231462
539,nonyouths,A,0.48731137202345237,0.16659635627969208,0.34609227169685547,6,0.1,true,3.8135209945978445,-4.078989914815331
525,nonyouths,None,0.061013667592532364,0.4160704261799143,0.5229159062275534,2,0.1,false,-6.86497882096084,3.57945576153276
529,nonyouths,None,0,0.2690145130040057,0.7309854869959944,6,0.1,false,-9.664890806501147,17.70350178352875
276,youths,None,0.28350080600843436,0.23341428741209758,0.48308490657946807,9,0.1,true,16.02563663357757,8.069578498387173
425,youths,None,0,0.004092875564668875,0.9959071244353311,3,0.13583350253303453,false,11.57948085267494,5.894846970976047
531,nonyouths,B,0.31528338361235,0.39577098998901983,0.2889456263986302,5,0.1,true,-13.262775448006987,0.30174102456879837
532,nonyouths,None,0.22819259587447072,0.2795059584777967,0.4923014456477326,4,0.1,true,-11.597885970181515,-1.8870305744348208
423,youths,A,0.5570598532940582,0.31153438192346095,0.1314057647824809,3,0.1,false,16.228600885475984,-2.540261072830333
195,youths,None,0,0.09254556009027676,0.9074544399097232,8,0.1,false,-17.0148147717913,-3.3129250804570773
144,youths,None,0.2516405214020922,0.2324303542431111,0.5159291243547968,10,0.1,false,-7.941860399335429,10.928740206616304
303,youths,None,0,0.07926851315398004,0.92073148684602,4,0.1,false,8.016783626464985,-0.39381402161260937
380,youths,B,0.4247580250571237,0.5088761828229571,0.06636579211991928,5,0.1,true,1.1178164891606954,11.886529068587201
182,youths,B,0,0.6644200854229934,0.33557991457700664,7,0.1,true,17.7478958224552,-8.477105970566194
8,youths,None,0.03698604299541386,0.4310033216304958,0.5320106353740903,6,0.1,true,16.96733674944661,-8.710078771680422
346,youths,A,0.9212933905137233,0.07870660948627685,0,0,0.1,true,-16.867185722579386,-15.993838427856428
284,youths,None,0.15570697944076894,0.32815426138718923,0.5161387591720419,0,0.1,false,5.527272319195166,11.13928475765022
264,youths,None,0.3283135667402553,0.33517624337732443,0.3365101898824203,10,0.13898455671724563,true,-1.0370555058612752,-13.393298456408944
489,youths,None,0.09559087026264479,0.36315905610703636,0.541250073630319,6,0.1,true,4.874793432087852,-3.8636370787682317
430,youths,None,0.3553168231433019,0.1977906740348926,0.4468925028218054,10,0.1,true,-18.818340758880783,-1.1425696263136018
409,youths,None,0.3733395601750277,0,0.6266604398249723,1,0.2797522612528495,false,14.831529930905575,7.358158361380703
46,youths,A,0.6659520191421091,0,0.33404798085789095,5,0.10568203269723671,false,-11.146347905970082,9.685445705064293
553,nonyouths,None,0.4027013930055374,0.11279153723922919,0.4845070697552335,8,0.1,true,0.1048072735618959,-17.807049092828272
70,youths,None,0.15772188855381147,0.41168714148473606,0.43059096996145246,8,0.1,true,-2.920935456742402,15.950525351079207
466,youths,A,0.9591276344728166,0.04087236552718333,0,1,0.16703328330149175,true,2.040765043299281,14.284474530316409
393,youths,B,0,0.518505463730555,0.481494536269445,6,0.1379248151436005,true,-1.787603842814999,1.6284517681051476
71,youths,None,0.044263473394274964,0.16112129913535117,0.7946152274703739,6,0.1,false,-10.665428829862751,-16.598584842245433
475,youths,None,0,0,1,3,0.1,false,-11.6731862453003,-19.75487206471146
132,youths,B,0.1759140927362659,0.654479730969089,0.1696061762946452,1,0.1,true,-13.532422538091655,-5.75545955279085
266,youths,None,0.02356907214416604,0.10347078724582273,0.8729601406100113,3,0.1,false,-7.820562101959736,-14.66584290060029
421,youths,None,0,0,1,1,0.1,false,14.226366612038987,1.4696618524862117
268,youths,B,0.33587501251204416,0.4099185852536499,0.25420640223430596,3,0.1,true,12.722507309476455,14.90877745116913
587,nonyouths,A,0.6837331760048698,0.16686156292100293,0.14940526107412727,0,0.1,false,-18.078299231628794,-10.177594173886956
197,youths,None,0.024373798956208587,0.19347520476906713,0.7821509962747244,3,0.1,false,-12.264457352390242,9.62978293767242
292,youths,B,0.20428291462810536,0.7294588817030424,0.06625820366885231,6,0.2202874898485065,true,10.976344303565885,-18.132291574569805
301,youths,None,0,0.4431162022094796,0.5568837977905204,2,0.20116844123570943,false,-5.413342011426181,-12.571699959783395
394,youths,None,0.13534298636587508,0,0.864657013634125,6,0.1,false,18.016668181319332,10.15275229767369
219,youths,A,0.7295390705071358,0,0.2704609294928641,7,0.1,false,18.6970679852774,-2.549627657114371
79,youths,None,0,0.3260706817439278,0.6739293182560723,6,0.16742078623604117,false,-16.117933798400497,-8.069317691415867
433,youths,None,0.3663276503266212,0,0.6336723496733788,1,0.1,false,-5.978261166532054,6.865518579466794
330,youths,None,0.01589308189149854,0,0.9841069181085015,7,0.10357322418057961,false,-9.181879738333336,13.904337984104913
530,nonyouths,None,0.36747698631363224,0,0.6325230136863678,1,0.1,false,2.0010625685607906,-3.2863593516967917
442,youths,None,0.3725371527600071,0.17096174779900677,0.45650109944098616,1,0.1,false,-3.2596254138805847,4.835441362010602
3,youths,B,0.09742409441965855,0.4634755488935842,0.4391003566867573,10,0.1,true,16.09121765253831,3.888337256770207
536,nonyouths,B,0.12236388301700485,0.563365230068366,0.3142708869146292,2,0.1,true,18.836562634304045,7.1312157123477355
99,youths,A,0.39538986604095655,0.3684274027040864,0.23618273125495706,5,0.12896310414187837,true,9.687080410126306,-9.657934523816712
560,nonyouths,B,0,0.6748883732658575,0.32511162673414246,4,0.1,false,-10.090263382381023,11.23333495728098
293,youths,B,0,0.5405320118497026,0.4594679881502975,4,0.1,true,-17.098614338961095,10.93090310177725
186,youths,B,0,1,0,1,0.1,true,-10.638749166301116,6.551256283300706
416,youths,A,0.46655946158095113,0.11253938374247402,0.4209011546765748,5,0.1,true,-14.814934147028339,-18.808665670866134
77,youths,None,0.474236460376476,0.04757960151300844,0.4781839381105155,7,0.1,true,-6.060874538490388,1.9021674967229707
341,youths,None,0,0,1,5,0.3102588367215301,false,8.062593740495256,4.9851372595775025
62,youths,A,1,0,0,9,0.1,true,-4.144057694901143,9.364114729661093
570,nonyouths,B,0.07440369581032814,0.8195124247460246,0.10608387944364726,1,0.1,true,-12.382086319003552,-15.295783311299267
337,youths,B,0,0.8205113113509106,0.1794886886490894,6,0.1,true,-4.069030672585416,-8.967398766740674
454,youths,None,0.17942549732961974,0,0.8205745026703802,9,0.1059311953229831,false,18.832427571087642,-14.777363562168237
32,youths,A,0.5108801842792438,0.3491143554752937,0.1400054602454625,9,0.1,true,15.008941578957632,11.609197176215552
57,youths,None,0.3853531055358842,0.1531636453571651,0.46148324910695077,2,0.1,false,-7.288986046499623,4.074168027989561
470,youths,B,0.14498663353616567,0.7043602315524905,0.15065313491134397,6,0.1,true,9.694829043167555,-15.213178485418204
15,youths,None,0.08148343224783237,0.3341310071224488,0.5843855606297188,10,0.1,true,9.661000464554245,-2.932960038218667
535,nonyouths,None,0.3058749480807516,0.31978253171138826,0.37434252020786,4,0.1,true,-14.914412589406773,-14.121883898825887
75,youths,B,0.13551652994641328,0.5784407168030541,0.2860427532505326,8,0.1,true,11.112937489374627,-7.303088799776658
27,youths,A,0.7358290501349724,0.21493781078961163,0.049233139075416044,0,0.1,true,2.79007755712572,17.192043582395
174,youths,None,0.05105434536704612,0.3268018003475006,0.6221438542854534,3,0.1,false,-8.155393415689854,-13.619704986995865
113,youths,None,0.4238335660580941,0.07265928222431649,0.5035071517175894,2,0.1,false,-7.361633602006201,19.040238088552194
388,youths,A,0.8289278946531331,0,0.17107210534686684,6,0.1,true,17.32131691761429,16.381520930848808
91,youths,B,0,1,0,7,0.1,true,9.999003721371079,-8.426503375120271
557,nonyouths,B,0,1,0,4,0.1,true,7.24918785025503,-7.052065363266703
295,youths,None,0.1644215958456967,0.06912006537056317,0.7664583387837401,2,0.1,false,13.68904840076462,7.805100446086303
118,youths,None,0.15930224078145847,0,0.8406977592185415,2,0.1,false,7.808894853664523,16.854520168036515
273,youths,None,0.034800722357288684,0.32881360069477705,0.6363856769479344,10,0.1,false,10.294009084544498,1.3764667255429544
471,youths,None,0,0.14091181245740564,0.8590881875425943,1,0.1,false,-3.1072854714372546,3.44778797414903
391,youths,A,0.4692506873683264,0.09739331318222368,0.43335599944944997,4,0.1,false,-1.5236433616369034,15.666278770467429
520,nonyouths,A,0.6225029689218143,0,0.37749703107818566,6,0.1,true,-19.30297457778039,-19.884833483264234
415,youths,None,0.320748391622806,0.12034253486531778,0.5589090735118764,7,0.1,true,14.888375429659888,-2.895820430011394
89,youths,None,0.19250476415466222,0.34181746534727775,0.46567777049806003,2,0.1,false,-4.18992321313776,17.028052119846073
305,youths,None,0.10523863162314108,0.24713986215809708,0.6476215062187618,9,0.17383849854164643,true,-10.406452377101997,14.043312544811286
87,youths,A,0.3887056613219981,0.34750753154235886,0.2637868071356431,10,0.1,true,11.326526506979302,15.392610263606628
478,youths,B,0,0.5695665153637938,0.4304334846362062,10,0.1,true,3.7620986878416147,-13.427006357626013
226,youths,B,0,1,0,0,0.1,false,10.393610819760553,18.265850615858596
360,youths,A,0.5776360660478387,0.42236393395216143,0,8,0.14432151119442915,true,-10.653754874293403,2.491271624778527
456,youths,None,0.03740259350546045,0,0.9625974064945396,3,0.10430460697902826,false,10.520223404077889,6.255517438191973
574,nonyouths,B,0.21832858932026056,0.4026805201732503,0.3789908905064892,3,0.1,true,17.867692447407606,18.97469671498164
329,youths,B,0.23570737869222794,0.764292621307772,0,3,0.1,true,15.292193556573807,8.745280767483049
67,youths,None,0.17235335107715002,0,0.8276466489228499,0,0.1,false,-7.9503808218374665,-20.35864384782716
386,youths,None,0.2726574353796094,0.0956599085612658,0.6316826560591249,2,0.1,false,-2.803287985811764,11.37576045444489
589,nonyouths,B,0.22648994740146636,0.7735100525985336,0,1,0.1,true,-2.875607358958316,13.44872579454914
12,youths,B,0,1,0,0,0.1,true,10.17616987661268,20.174879142296717
358,youths,None,0.21460921846151948,0,0.7853907815384806,4,0.1,false,-16.879616258411186,18.55279310484149
488,youths,B,0.04526409026169457,0.5785696714001402,0.37616623833816537,9,0.1,true,13.154683781468357,16.90071149188308
290,youths,None,0.4646644037923804,0,0.5353355962076197,0,0.1,false,-9.023831503589685,11.99408283861176
465,youths,None,0.40439055410024544,0.13945171288906585,0.4561577330106887,1,0.1,false,8.288972129414063,-6.620634301026966
253,youths,None,0.2029293074764505,0.1975607939787463,0.5995098985448033,10,0.1,true,-11.744076112405693,15.596028025755388
224,youths,None,0.2959471131935798,0,0.7040528868064201,0,0.1,false,-2.9255083393587356,7.905799931395055
495,youths,None,0.27546082737134103,0.18707509654360127,0.5374640760850578,1,0.16183507685571508,false,-15.81761698318382,12.587777301194286
214,youths,None,0.07894644277970546,0.096870009108259,0.8241835481120355,5,0.1,false,3.4308016326105744,-1.8927847215401101
30,youths,A,0.6989553372935864,0.10442567514362047,0.1966189875627931,1,0.1,false,13.676859839379333,7.536685411126022
56,youths,A,0.5571072601749101,0.4428927398250898,0,3,0.1,false,15.501117982403393,10.51515757410463
65,youths,A,0.6304671922968432,0.13096275794031428,0.23857004976284252,6,0.1,true,-5.314930869641499,-10.174443114467854
404,youths,None,0.1466478019989188,0.3398650300951011,0.51348716790598,5,0.1,true,9.036764241436597,-4.5645875164455845
223,youths,None,0,0,1,9,0.1,false,18.9832591296815,-14.092351088955517
551,nonyouths,B,0.4621129593762779,0.5363366465211786,0.0015503941025434508,7,0.1,true,15.397497197270347,0.9863258999754336
467,youths,None,0.20410451049559863,0,0.7958954895044015,4,0.1,false,16.185189985847586,-10.53864281658427
76,youths,A,0.6595640060109954,0,0.34043599398900454,8,0.1,true,-11.38522714376761,-18.32387291755719
101,youths,B,0.17072831672763425,0.4329038956908589,0.39636778758150687,5,0.1,true,-16.676209334421046,-3.310886977913146
434,youths,None,0,0,1,10,0.1,false,8.468841844635644,-12.822561565111972
59,youths,B,0.21643132005158658,0.4534574382317284,0.330111241716685,7,0.1,true,-18.735773084878232,12.404915873574573
498,youths,None,0,0,1,8,0.1,false,7.290285116262204,-6.623778924874026
429,youths,B,0,0.7662110016748686,0.23378899832513153,9,0.1,true,10.699508862087058,16.63286390859492
274,youths,B,0,1,0,10,0.24266224786244023,true,2.7846268884360335,-14.274669563007254
193,youths,None,0.35071027379532776,0.28247266628126005,0.3668170599234122,8,0.1,false,7.032090695717734,9.289106771147647
230,youths,A,0.8840532732786415,0,0.1159467267213586,3,0.1,true,-11.605405212689117,-11.300469770013208
318,youths,None,0.20011876426568967,0,0.7998812357343104,8,0.1,false,-8.489858375554492,-18.10586697729562
281,youths,B,0.33385662902990904,0.41169468826251987,0.2544486827075711,1,0.1,false,18.157111901961798,16.968761028551313
212,youths,B,0.3511981075351301,0.6488018924648701,0,6,0.1,true,10.229089094960674,-18.82558335130708
21,youths,None,0,0,1,10,0.1,false,14.877246958350113,8.676928855162178
232,youths,A,0.8942353074138361,0,0.10576469258616378,2,0.1,false,6.489335489833191,-16.165733428571595
168,youths,B,0,0.7805541940461098,0.21944580595389018,7,0.13515294126398442,true,-14.621794516407352,-7.666687907857014
335,youths,A,0.6015349879046522,0.35645650456115785,0.042008507534190026,1,0.10400593176796712,true,-5.543713163896459,7.269925579713366
545,nonyouths,A,0.4313825437514508,0.39880723519472455,0.1698102210538245,6,0.1,true,-11.929636803367034,-4.420510014788139
92,youths,None,0.21905990999724703,0.001269090878817082,0.7796709991239359,9,0.1,false,-4.703069546061547,6.634668675033758
40,youths,None,0,0,1,9,0.1,false,12.445590270979984,-14.468788395604118
55,youths,None,0.17313889279885902,0.3154281683986617,0.5114329388024793,4,0.1,true,-15.973001835707425,1.51484404458499
389,youths,None,0.4609069123751881,0,0.5390930876248118,3,0.1,false,0.6614098159736699,9.714442668809486
138,youths,None,0.37044986999823953,0.2409094005295121,0.38864072947224837,6,0.1,true,18.58287965871409,-11.97888612854768
382,youths,B,0,0.9371662511379835,0.06283374886201654,5,0.1,true,-9.79392504844025,-15.014041533494733
152,youths,A,0.5746603058816965,0,0.42533969411830347,3,0.1,false,-17.114381162447895,-11.031557099105886
66,youths,B,0,0.5595438369381485,0.4404561630618514,10,0.1,true,4.06723638141942,9.755092364638472
61,youths,B,0.018663228222711346,0.5525941271391466,0.4287426446381421,8,0.1,true,10.286943371751768,-6.3132627758240645
419,youths,None,0,0,1,8,0.1,false,-8.897071096926576,11.769956479507307
244,youths,A,0.6277288634681669,0.16862382735236092,0.20364730917947216,2,0.1,false,-6.921801300293193,-12.349029091345848
566,nonyouths,A,0.4885787431136588,0.3097846352222311,0.20163662166411017,0,0.1,false,-16.368395579382664,0.137265124843843
11,youths,B,8.159337914220612E-4,0.5304142480035953,0.46876981820498265,2,0.1,false,9.574778556154978,-2.3184348349293877
256,youths,None,0.15451288624291717,0.1000216774747989,0.7454654362822839,1,0.16603854972236945,false,14.827411880035719,-10.959786853518368
249,youths,None,0.33790256544432284,0.2505007995770744,0.41159663497860277,10,0.1,true,-20.1145058984719,-3.544008082216802
345,youths,B,0.31439989594771706,0.4221106873901916,0.26348941666209147,1,0.1,true,-16.616282576726597,-5.654673779383838
218,youths,None,0.4711585053441839,0.02177149492099159,0.5070699997348246,5,0.10684459838745447,true,-18.985424911866748,-12.43895120675478
375,youths,None,0.02191939338676177,0,0.9780806066132383,3,0.1,false,-20.48010387754676,19.888108071929295
231,youths,None,0.0424484296477581,0,0.9575515703522419,3,0.1,false,-2.8242089340828933,3.9392099241877645
127,youths,None,0,0,1,4,0.1,false,10.602795102219886,-12.647102393770794
299,youths,B,0.1437858318543271,0.6132550816713616,0.24295908647431136,2,0.1,true,11.95625739962368,-0.04688029538279892
126,youths,None,0,0,1,6,0.1,false,18.275728128079983,-19.435623850817343
464,youths,None,0.16596555311226374,0.1596644259625422,0.674370020925194,1,0.1,false,-7.247330305232936,10.854131217299692
439,youths,B,0.21608936996034855,0.6189364847631167,0.16497414527653487,8,0.1,true,19.042033807319413,2.062279904486779
177,youths,A,0.6056114596950813,0,0.3943885403049187,2,0.1,false,-19.61856245627217,-19.4599415249682
396,youths,A,0.9427194788182969,0,0.05728052118170317,0,0.1,false,-14.481761783086316,-0.666032159270106
227,youths,A,1,0,0,10,0.1296213035627431,true,0.9278097899758286,17.294487850349057
51,youths,None,0,0.1069617462484697,0.8930382537515302,6,0.1930822708318249,false,12.731429695664879,2.2913257892400765
418,youths,A,0.9891047679550834,0.010895232044916693,0,5,0.1,true,-20.053165244262892,7.373390309975747
556,nonyouths,A,0.6785069278969885,0,0.32149307210301153,2,0.1,true,-17.157075601504296,12.152943563880733
211,youths,None,0.17834577213502661,0,0.8216542278649733,6,0.1,false,19.044622018557185,-10.16076215128901
468,youths,B,0.23384303035110693,0.7661569696488931,0,10,0.1,true,4.98765430649237,5.223491787079936
500,nonyouths,A,0.5081708505690082,0.01877466040758538,0.47305448902340635,5,0.1,true,-13.529139581228584,0.7767602064561885
487,youths,A,0.9192189106113687,0.007099201438799126,0.07368188794983212,2,0.1,true,-1.237462060994563,-0.2957473533507091
577,nonyouths,A,0.9038463361059141,0,0.0961536638940859,1,0.1,true,-18.639267183580426,9.696155339124328
507,nonyouths,None,0.1857423508695078,0.22271118840256338,0.5915464607279289,2,0.1,false,12.402092348013667,9.868658889896047
247,youths,None,0.1969384012402561,0,0.8030615987597439,10,0.1,false,-8.693093649855996,-19.936526693672064
172,youths,B,0.18721325594746424,0.5837868624784923,0.22899988157404344,3,0.1,true,-1.0310146732750134,12.681600578012066
501,nonyouths,B,0.3021842189291609,0.3520113094872931,0.3458044715835461,6,0.1,false,-2.8167499074570657,6.742940894749022
354,youths,A,1,0,0,10,0.1,true,-17.00447789168765,6.93127827050462
378,youths,A,0.8305519039021094,0.14349048061344627,0.02595761548444439,10,0.1457064872017615,true,-15.154158220123385,3.1399705776395876
414,youths,None,0,0.1935812662751993,0.8064187337248008,6,0.1,false,13.529059300639247,8.041736555810974
427,youths,A,0.7264775483297271,0.273522451670273,0,1,0.1,false,13.704729346595343,-10.132486514858687
549,nonyouths,A,0.7480237224699434,0.1999457135115697,0.052030564018486936,5,0.1,true,11.503273969374874,20.111775288045834
213,youths,None,0.11305870718411372,0,0.8869412928158864,10,0.1,false,-12.137978416565556,18.195981052353744
395,youths,A,1,0,0,10,0.1,true,-7.922136385263334,2.2919928961450893
50,youths,None,0,0,1,9,0.2676149339211731,false,8.588963387355129,8.520875883050945
205,youths,None,0.323202030117626,0.016483545284636112,0.6603144245977379,0,0.1,false,2.6480448322704575,-6.356565375887051
544,nonyouths,None,0.37567559200537815,0.18444092474522908,0.4398834832493928,5,0.1,false,13.486187827193689,-6.495390323190561
392,youths,A,0.859370221301208,0.04758095285322898,0.09304882584556307,10,0.1,true,-5.423038720129407,10.954614895080208
188,youths,None,0.04407761715054343,0,0.9559223828494565,1,0.1,false,0.5312239211446332,6.09093550093495
88,youths,None,0,0,1,8,0.1,false,-1.9258998957061486,4.0485597112591805
494,youths,A,0.6984586048207603,0.0855309052476274,0.21601048993161243,0,0.1,false,-13.828794790614776,4.061316238771255
34,youths,B,0,0.7536253743037787,0.2463746256962214,6,0.1,true,2.1900716103677134,5.0707412527913505
73,youths,None,0,0.36566130616980885,0.6343386938301913,7,0.10508997877493895,true,-12.719837341955081,13.820895816514287
289,youths,A,1,0,0,7,0.1,true,-15.39095263763224,4.146889042167608
447,youths,A,0.5049077988034834,0,0.49509220119651653,3,0.1,false,10.074817499899858,-4.520260607982559
146,youths,None,0.07160809989975978,0.06503166167292093,0.8633602384273193,6,0.1,false,16.817676736620683,-13.134972868721043
139,youths,None,0.38073003798230903,0.12203561395033165,0.4972343480673593,10,0.2654920968968152,true,-13.444421914304726,0.5568660214570507
165,youths,A,0.9863486994173105,0.01365130058268952,0,6,0.14885311875530483,true,-3.1876286568148835,11.019696428842398
559,nonyouths,None,0.11220548273900081,0,0.8877945172609991,0,0.1,false,17.633555625219145,-14.020880986492724
119,youths,A,0.5912448305916262,0,0.4087551694083737,7,0.13318283481544607,true,-16.57482396649782,10.749438480241714
134,youths,None,0.21412842666590376,0,0.7858715733340963,1,0.1,false,-5.882786705728231,-19.807549107070873
515,nonyouths,A,0.7359859870819011,0.07356551538347518,0.19044849753462384,8,0.1,true,16.465804896818554,17.39762621026899
502,nonyouths,None,0.31826863153741414,0.07673949155572901,0.6049918769068569,0,0.1,false,0.9503905263326722,-5.399456023730201
236,youths,None,0,0.24110850403006254,0.7588914959699374,3,0.1,false,0.6634496610360898,1.2618856768440985
575,nonyouths,None,0.11488840491338992,0.34165229308473316,0.543459302001877,7,0.1,true,5.854241055913683,8.18952951002326
279,youths,B,0,1,0,1,0.1,true,4.184365139927433,1.0595126834109188
349,youths,None,0.10744396608769947,0.03527560177313633,0.8572804321391642,5,0.1,false,12.687041057062878,9.043458950559064
210,youths,None,0.11056803485937539,0.1801806394885086,0.709251325652116,0,0.1,false,-7.554471633814799,-1.422409929465804
181,youths,A,1,0,0,4,0.1,true,-16.758686932169695,3.481827022680399
441,youths,A,0.5157641967219665,0,0.48423580327803356,3,0.1,false,-16.420795136054245,5.118382175720335
312,youths,B,0,0.6256783159355074,0.3743216840644926,8,0.225546494660678,true,-2.501555699150593,-11.021698319464763
562,nonyouths,B,0.10963357232344993,0.621191823044584,0.2691746046319662,6,0.1,true,15.334199823070598,-0.842135290348665
417,youths,None,0,0,1,4,0.1,false,13.353138371024329,-14.464271000727535
428,youths,A,1,0,0,5,0.1,true,-10.965075189412921,-1.162848736804154
364,youths,None,0,0,1,3,0.1,false,8.506826078880898,9.157837789332724
238,youths,None,0,0.29771683734404475,0.7022831626559554,8,0.1,false,-8.825681627602847,17.770032297847983
60,youths,B,0,0.9486377234821337,0.051362276517866214,4,0.1,true,4.15030603235947,-19.99144759862239
344,youths,B,0,0.8568612792919336,0.14313872070806632,7,0.10282961205151513,true,1.4075894644503855,-13.654489470530013
444,youths,None,0.07273866170101682,0,0.927261338298983,3,0.1,false,19.53008827916159,2.8576374901923884
463,youths,B,0,0.5243574778146545,0.47564252218534564,0,0.16319418485639797,false,-6.757252201023514,-14.523045191739186
550,nonyouths,B,0.3234331717222084,0.49500485183532333,0.18156197644246835,5,0.1,false,2.7906727330309486,11.333652617607076
23,youths,A,0.44874100747380374,0.2697931443874293,0.2814658481387669,1,0.1,false,2.532714883869396,-17.903702071716364
517,nonyouths,None,0.05199170705440696,0,0.948008292945593,5,0.1,false,8.188576747643722,13.414978917988762
240,youths,None,0,0,1,5,0.1545293137986657,false,-1.1049614078913272,-0.9753133154051596
263,youths,B,0.3088650902710242,0.660367154686035,0.03076775504294082,6,0.1,true,12.562253191416104,-4.842546768616943
372,youths,None,0,0,1,4,0.19728857199820612,false,-6.8348355874835605,-19.772012828347542
251,youths,None,0,0,1,1,0.31639386144003134,false,3.7591040553388417,-6.0472424294551
422,youths,None,0,0,1,7,0.1,false,-17.88409202894959,-3.8953934185562353
340,youths,A,0.8402140133884108,0.047905826200980856,0.11188016041060836,10,0.1,true,18.20000481437158,-3.314162531711105
383,youths,A,0.6406386701571787,0,0.3593613298428213,9,0.1,true,10.089613637005431,14.461294386668094
153,youths,B,0,0.681006187687606,0.3189938123123941,7,0.17868589573455698,true,-6.86686151993116,-7.556210102475502
496,youths,None,0,0,1,2,0.12090153926121396,false,-10.005131221353768,19.93607974421748
105,youths,None,0.03813125940141909,0,0.9618687405985809,1,0.1,false,6.89857529749095,8.612239741026247
259,youths,None,0.25055414109237456,0.16907835150225606,0.5803675074053695,10,0.1,false,-14.66018803817271,4.605549076841054
398,youths,None,0.256441097895631,0.35689483481000966,0.38666406729435926,6,0.1,true,12.193471761861154,-1.343343745795142
584,nonyouths,B,0.23323425351911936,0.7010912851844316,0.06567446129644897,7,0.1,true,20.02066344818593,-5.709185067671465
497,youths,B,0,0.8397043420396352,0.1602956579603648,0,0.1,false,14.003650573199423,13.711235255864501
286,youths,None,0,0,1,4,0.12700308740447586,false,-12.999524933463272,-9.05077019584696
72,youths,B,0.11627135298769779,0.7277495508554923,0.15597909615680997,6,0.1,true,-13.810044264338668,-18.61550450809807
17,youths,None,0.1360628370794507,0,0.8639371629205492,10,0.1,false,2.3544303563592592,-19.727282834050122
334,youths,None,0.3212705917786999,0,0.6787294082213002,9,0.1,true,11.70949048622603,-13.016475190915159
512,nonyouths,A,0.5072125913327528,0.26846605420302727,0.2243213544642199,2,0.1,true,5.936323480654863,-5.7407229638024955
258,youths,None,0.2242275274890378,0.38046911285849205,0.39530335965247027,8,0.1,true,1.4091995767757446,3.883758909305797
462,youths,B,0,1,0,8,0.1,true,10.83741233186834,18.353601426829925
6,youths,None,0.23162407481475963,0.01353193324610151,0.754843991939139,0,0.1,false,-10.081473069460833,-0.17509867261743395
282,youths,None,0,0,1,1,0.1,false,7.947673586633453,13.550229882563613
53,youths,A,0.6894584582774272,0,0.3105415417225727,1,0.1,false,-9.950713743232502,1.260344357533537
477,youths,None,0.032348501913921496,0.3462098868949433,0.6214416111911353,4,0.1,false,-14.32534338567,6.998109685685865
480,youths,A,0.5664132053960996,0.05800848117419954,0.37557831342970077,10,0.1,true,4.754488094243737,-9.001846165514475
158,youths,None,0.22424096109853978,0.009296903046965954,0.7664621358544943,6,0.1,false,4.083392826643756,-0.7155979807525128
331,youths,B,0,0.848692675049146,0.15130732495085397,4,0.1,true,-10.03495538351913,-9.181326532629278
572,nonyouths,A,0.6616821557893661,0.24340192166347785,0.09491592254715601,5,0.1,true,5.770881108040033,14.953257166011042
307,youths,None,0.05342272275418034,0,0.9465772772458196,1,0.20975056456145758,false,9.975092617108505,13.00061881109852
69,youths,None,0.0479583196790482,0.4683330437615996,0.48370863655935226,5,0.1,true,12.563401054555186,6.181329139840777
413,youths,None,0.11439706993569984,0.345392324550957,0.5402106055133432,9,0.1,true,6.00080886907816,-20.40833668118303
58,youths,None,0.3767323706935938,0.21530287736820067,0.4079647519382057,9,0.1,true,-11.178626048069274,13.189291496697265
476,youths,A,0.45220530420647675,0.17745977159217996,0.37033492420134334,10,0.1,true,-18.707689713132808,-8.757683674717326
288,youths,B,0.3616545101033844,0.451530872443148,0.18681461745346767,1,0.1,true,6.059519640844442,-4.1605967015241845
250,youths,None,0,0,1,2,0.1,false,10.111660342161805,-12.079408841291567
350,youths,None,0.21233449166368518,0.20355114038464664,0.5841143679516683,9,0.1,true,6.36583679890499,7.167886411461847
521,nonyouths,None,0.2966691125863742,0.28116879336329736,0.4221620940503285,5,0.1,true,-12.082993715097496,4.427212872416284
207,youths,A,0.6021130483453359,0,0.3978869516546641,3,0.1,true,-19.42631637240735,12.160369228291891
374,youths,None,0.0994870326327602,0.011492610992711873,0.889020356374528,7,0.18501432434272141,false,-16.88789110828022,-4.322417022306368
373,youths,None,0.36447058275088673,0.11106760247656575,0.5244618147725476,10,0.1,true,-6.103622171331114,-12.181268626437918
314,youths,None,0.2110844415757256,0,0.7889155584242745,6,0.1,false,17.72805649760916,20.106572304581192
361,youths,None,0,0,1,8,0.1489844278409147,false,-11.396966816181212,12.110586991222526
41,youths,A,0.5040029673666052,0,0.4959970326333948,4,0.1,false,14.60872276471342,-15.714040647239685
229,youths,A,0.6554441195730436,0.3445558804269565,0,4,0.1,true,0.2406873036919599,10.75175826223597
203,youths,None,0.044297907044255236,0,0.9557020929557448,2,0.1,false,14.403391136487407,3.2559171531616435
54,youths,None,0,0.2476055196295717,0.7523944803704282,3,0.1295738511717084,false,17.669602702181678,4.732179567288824
237,youths,None,0,0.10616387094374541,0.8938361290562546,4,0.2863308520395486,false,4.77917362616591,9.146416871840916
269,youths,None,0.14635521825369255,0.20866229726955635,0.6449824844767512,2,0.1,false,-4.852258323338262,-13.548791444880312
18,youths,None,0,0,1,10,0.24209850363795804,false,-8.85394556786893,-19.82408996318078
493,youths,None,0,0.47465472337658987,0.52534527662341,3,0.1,false,2.197607716804434,-18.517858534317952
93,youths,None,0,0,1,5,0.21569032612843408,false,12.660586468136032,-16.043463137134736
514,nonyouths,A,0.5186339762516591,0.27114651657047717,0.21021950717786375,5,0.1,true,-14.787312940142987,19.04593809300367
435,youths,None,0.23301383914342244,0.17508916587987652,0.591896994976701,7,0.16185533845972985,true,-0.8248770723926349,13.038090861086637
137,youths,A,0.868399542443471,0.07474452082225905,0.056855936734270106,8,0.1,true,4.553797821899984,-1.9119152457614987
44,youths,None,0.2986280875669555,0.057970626637455905,0.6434012857955886,6,0.1,false,13.011564888405282,-5.819818378387605
565,nonyouths,None,0.4801368325581551,0,0.5198631674418448,7,0.1,false,-1.8519625900919827,12.012559140373803
29,youths,B,0,0.5303798972478679,0.469620102752132,6,0.1,true,11.261312169249813,-9.768057256791257
234,youths,B,0.33153885469703204,0.5585207445117486,0.10994040079121935,2,0.1,false,-19.643551872007187,19.094662592289843
338,youths,None,0,0,1,5,0.1,false,-10.63236725829393,-19.26257869153188
9,youths,None,0,0.21299198705163552,0.7870080129483645,3,0.1,false,8.91833587588641,6.031975243081007
110,youths,B,0,0.8616248106137939,0.138375189386206,6,0.1,true,9.843930682597982,-15.341079242364454
84,youths,None,0,0,1,2,0.1,false,4.0145602801108105,-7.453209683955913
561,nonyouths,B,0.1453037861885965,0.8546962138114035,0,1,0.1,true,-6.897789524451868,-1.9301668578759745
33,youths,B,0,0.7975483852974694,0.2024516147025307,3,0.1,false,-10.997994126622293,3.0850570481561483
315,youths,None,0.3664061960462832,0.016785671800546416,0.6168081321531704,10,0.1,true,-1.7225649243626435,9.9924395384553
440,youths,B,0.3903691584119528,0.6096308415880471,0,3,0.1,true,3.7535118461974584,-13.53447854014862
594,nonyouths,None,0.13243482345955834,0.0435457441310819,0.8240194324093597,2,0.1,false,6.89681257781335,6.364047275623321
401,youths,None,0,0.39410838637903717,0.6058916136209629,0,0.1,false,-3.9179958397894517,0.5678757927783344
25,youths,B,0.0074880963678882195,0.7166543935301235,0.27585751010198817,8,0.1,true,-2.76473349379836,14.990843951837405
595,nonyouths,A,0.39683497473578033,0.29009324655582747,0.3130717787083922,5,0.1,true,-9.439395784575376,10.196770511645681
162,youths,None,0.4463196358130573,0,0.5536803641869428,6,0.1,true,-6.490965698016021,-16.321290462360007
37,youths,B,0,0.5067518348237673,0.49324816517623277,9,0.1,true,-11.557682608189541,7.855130797358054
170,youths,B,0,0.5817220861738429,0.41827791382615703,10,0.1,true,-19.96970081688725,3.4029445870729447
98,youths,None,0.1268529626799917,0.19752565351499485,0.6756213838050136,8,0.1,false,-1.51853721843176,-1.9964742530215531
366,youths,A,0.8538073167837343,0.1461926832162657,0,9,0.1,true,8.158786130925748,-16.311083327949845
443,youths,B,0,0.629209916055419,0.3707900839445809,9,0.1,true,-8.692116990732224,-1.282986270822807
104,youths,None,0.18916117978258368,0.39486958428146773,0.4159692359359487,8,0.1,true,-15.114883283036672,20.318204394422338
298,youths,None,0,0.2449894276572897,0.7550105723427102,3,0.16099324811532378,false,-3.8277315535473875,17.191537971781592
252,youths,None,0.24024912061799453,0.2501420609390152,0.5096088184429902,5,0.1,true,-0.5865614221204716,-1.1645765005406403
426,youths,None,0.14127206920206292,0.16129282274720616,0.697435108050731,7,0.1,false,2.2486880498685977,-13.579581281667895
198,youths,A,0.8441028815780328,0,0.15589711842196718,10,0.1,true,17.727741436881495,11.86188538839395
541,nonyouths,B,0.30806563163466016,0.3842137945884365,0.30772057377690337,0,0.1,false,-15.81058350230895,-0.10478440791131405
484,youths,B,0.30554564649361904,0.34976807564920986,0.34468627785717104,9,0.1,true,-14.578379376220816,4.611996398616519
552,nonyouths,None,0.23344348399160592,0.11051976143383557,0.6560367545745586,6,0.1,false,17.06493407278323,-15.26454377919934
106,youths,None,0.21036746056555553,0,0.7896325394344446,7,0.12854519235099204,false,13.528686182376077,-6.629378983041928
74,youths,None,0,0.4354323837649172,0.5645676162350828,1,0.1,false,-4.137377364595597,-5.647604551084148
526,nonyouths,None,0.32458802568080286,0.3080892264828986,0.3673227478362987,6,0.1,false,16.09952684655498,4.376700385180037
546,nonyouths,None,0.0764162226350095,0.05766391307243572,0.8659198642925547,7,0.1,false,-6.560905897022087,19.562313197630516
317,youths,B,0.10111510545265051,0.5829036723407172,0.3159812222066324,0,0.1,false,15.919355142102376,16.4171011356173
302,youths,None,0.12692223219390691,0.2337755016102708,0.6393022661958224,3,0.1,false,-19.792348864721763,-15.28773067353098
31,youths,A,0.6575272867835038,0.026135717704068057,0.3163369955124282,1,0.1,false,-10.640039914193805,-4.788493948546247
220,youths,B,0,0.749823557668947,0.2501764423310529,10,0.14755925435948558,true,5.261990449992613,-18.423332251596648
129,youths,B,0.13646233746323583,0.7634331288764978,0.10010453366026639,8,0.14004412520801157,true,10.940219258596333,-7.196405823315734
280,youths,None,0.2740435015822765,0.3192867805590752,0.4066697178586483,3,0.11774098304802051,false,-2.457438744002509,-1.521363133509265
351,youths,None,0,0.42724097863868765,0.5727590213613123,0,0.1,false,-2.2170305321880406,-11.289315510424826
221,youths,B,0,0.5784273285095339,0.4215726714904659,9,0.14829686146806115,true,-14.842527758464906,-14.915608512206735
321,youths,B,0,0.746722935077815,0.2532770649221851,5,0.1,true,-17.077643131604546,-6.905595591172505
523,nonyouths,B,0.05695484282927354,0.7887627611978943,0.15428239597283214,5,0.1,true,9.225556373046977,-10.50966490054214
328,youths,B,0,0.5608230719736644,0.43917692802633557,2,0.1,false,9.872696731355205,9.962949008067731
102,youths,A,0.7602427295462042,0,0.2397572704537958,0,0.1,false,5.317746770424332,-3.8992097076020222
411,youths,A,0.4078169394514974,0.39634264271526876,0.1958404178332337,6,0.1,true,-13.264382178048809,16.10423924874788
453,youths,B,0,0.7132042090362224,0.28679579096377755,3,0.1,false,8.940413551913785,-7.550077055645067
377,youths,A,1,0,0,5,0.1,true,-17.30700567671832,-16.75102171431591
107,youths,B,0.20593978677069125,0.7631123610796899,0.03094785214961883,3,0.1,true,18.46743786316852,18.313751437621924
147,youths,A,0.5368440561032723,0.2542559484478691,0.20889999544885865,5,0.1,true,15.68335935698262,-11.782525665752832
294,youths,None,0.24720864250445035,0.14352408438425449,0.6092672731112952,8,0.1,true,-3.054940548316001,8.612758531651888
474,youths,A,0.7359897910745617,0.2640102089254382,0,0,0.1,true,-17.025235333473443,4.777888616831142
406,youths,None,0,0.3161332462546128,0.6838667537453872,9,0.1,false,8.109190619806146,18.33496804734284
222,youths,None,0,0.2149741473300588,0.7850258526699412,1,0.1,false,-3.95168556416402,8.702041503520313
342,youths,None,0,0.36723237137296955,0.6327676286270306,7,0.1,true,-6.7556607289971655,-13.93091758807077
196,youths,None,0.3091100111214366,0,0.6908899888785633,8,0.29392446402179323,false,18.008447066646,-3.504913039263478
125,youths,B,0,0.5511725436397764,0.44882745636022353,4,0.1,false,-5.299668117307835,-5.062659652753064
7,youths,A,0.39039985912669295,0.3228414410542321,0.2867586998190751,8,0.1,true,19.95822580568109,14.182803443549702
271,youths,None,0,0,1,7,0.1,false,8.469143506874744,14.266902999158923
333,youths,None,0,0.21860122063252516,0.7813987793674748,7,0.1,false,7.511826653520075,2.6907720787148186
143,youths,B,0.1423014578268102,0.74519524371269,0.11250329846049993,1,0.1,true,-3.204022849119948,-10.374451181269238
156,youths,None,0,0.29038142174528125,0.7096185782547187,0,0.1,false,-4.98924627917849,-5.1270277444641525
327,youths,None,0.16398650490023917,0.2651807340258265,0.5708327610739344,10,0.12647801390316404,true,-5.071342860842968,19.92356076375534
142,youths,None,0.32389928092572795,0.0966358208385984,0.5794648982356737,1,0.1,false,18.089883377848594,0.47369199514293925
508,nonyouths,None,0.15084377798103807,0,0.849156222018962,2,0.1,false,2.6242500363627066,-6.251038831110552
151,youths,B,0.1118711327569644,0.6104459337317859,0.27768293351124973,3,0.1,false,-19.962876627690573,-10.071316918212943
598,nonyouths,A,0.42179697310704206,0.3576434553912982,0.22055957150165972,0,0.1,false,-6.86066138200108,2.2011692935971254
189,youths,A,1,0,0,5,0.1,false,14.869538109631165,-6.55694391514762
200,youths,B,0,1,0,5,0.1,true,-8.15284647635114,-7.328323499152159
275,youths,None,0,0,1,8,0.1,false,6.642770037224704,12.826488490842252
112,youths,B,0,1,0,5,0.1,true,19.69227316593095,-6.376101571092706
385,youths,None,0,0.2653524825118507,0.7346475174881493,10,0.1,false,11.012877588026914,5.261991113202157
547,nonyouths,A,0.723274791967068,0.15094724753112565,0.12577796050180634,1,0.1,true,20.390587431964406,-1.4759367995082506
178,youths,B,0.05657357486103981,0.773453063502888,0.1699733616360721,6,0.1,true,-1.3315310579896789,14.370968837679179
527,nonyouths,B,0.33001061199801635,0.43162935466625996,0.23836003333572364,5,0.1,true,17.368880978639616,4.935290806620653
206,youths,A,0.5826386833416168,0,0.41736131665838316,2,0.1,false,-16.371060684706475,-18.37002837439143
400,youths,None,0.014365580377087482,0.1194864696394306,0.866147949983482,2,0.1,false,17.94095503077248,19.31459291035238
2,youths,A,0.8647931550159101,0.023691809332962506,0.11151503565112732,5,0.1,true,6.072280359934609,-2.3049035274696124
39,youths,None,0,0.4131247369978806,0.5868752630021192,1,0.1,false,-14.736526550858688,-6.895011982316769
157,youths,B,0,0.9364420765557767,0.06355792344422335,4,0.223569547059914,true,20.029907236179284,-7.96131012635241
309,youths,None,0.22899403663311668,0.16952410671954699,0.6014818566473363,9,0.1,true,11.956839664650921,3.4451016953323936
504,nonyouths,None,0.16790177220091038,0.2433901515646497,0.58870807623444,0,0.1,false,4.860409173096926,8.068525918447996
265,youths,None,0.22986461770206532,0,0.7701353822979347,9,0.1,false,9.69715507003091,-11.178747725438878
348,youths,None,0,0.3363071665004542,0.6636928334995458,6,0.1,false,7.651443625360077,-19.29202920903795
103,youths,B,0.2665825657678003,0.39916850158830725,0.3342489326438925,7,0.1,true,-5.0459911243874895,2.5046173665444265
148,youths,None,0.3723807324763629,0.05620692770480076,0.5714123398188364,0,0.1,false,-1.6054056331377993,14.207473251944783
194,youths,None,0.33775180663377763,0,0.6622481933662224,5,0.1,false,-14.60176374317718,1.1024040090348635
596,nonyouths,B,0,1,0,5,0.1,true,5.169321644007262,2.088655495184476
19,youths,B,0,0.6562501927252664,0.3437498072747337,4,0.1,true,-17.506118556601695,-5.260435282928269
191,youths,A,0.6020921870768309,0.17616993250331556,0.22173788041985365,1,0.1,true,2.5062814767300914,-9.477224679116345
14,youths,A,0.9113759707100972,0.08862402928990273,0,8,0.1,true,0.684359274856881,16.59786158043763
47,youths,B,0,0.7207275253462196,0.27927247465378024,10,0.1,true,12.444869332192631,19.04399194180929
581,nonyouths,B,0.3236822830309228,0.3499206140819131,0.3263971028871641,5,0.1,true,-18.75805624536986,-12.688744275948476
163,youths,None,0,0.17736209419779364,0.8226379058022064,8,0.1594528755980707,false,16.904242644275904,-2.534683835325012
131,youths,A,0.8153922090224556,0.18460779097754437,0,5,0.1,true,20.154986353852877,6.836712423927651
145,youths,None,0.18095595850539253,0.03530624251960164,0.7837377989750058,5,0.1,false,5.292584140831824,-1.3888701518882876
582,nonyouths,B,0.21965440601938263,0.7803455939806174,0,7,0.1,true,20.039840964753367,17.696238022406398
26,youths,A,0.5948255417572847,0.23022614670924924,0.17494831153346607,2,0.1,false,-19.25061240289082,-20.339008996417274
167,youths,B,0.007738875943317569,0.5517831250683413,0.44047799898834117,1,0.1,false,-3.2001013156047087,8.790314032087835
311,youths,B,0.16063183730654892,0.48969039866842473,0.3496777640250263,7,0.1,true,14.935876513069765,-8.409876755323397
80,youths,B,0.3506865357089398,0.4370677126059517,0.21224575168510856,3,0.20212650359826406,true,17.519780580697933,19.162023696928735
95,youths,None,0,0,1,6,0.1,false,-1.3766552045482392,-0.3694105434054187
436,youths,A,0.8077284688517904,0.10341391756259605,0.08885761358561345,9,0.1,true,-3.375976854764154,19.963073019987412
202,youths,None,0.10706349054989463,0,0.8929365094501053,9,0.1,false,-13.113068482929048,-17.023266906305018
407,youths,None,0.43653611126846875,0.0862729178027106,0.4771909709288206,7,0.1,true,-5.685871589553509,13.236291587290992
255,youths,A,0.8097551275638396,0,0.19024487243616042,4,0.13233574296359157,true,-1.6003896870181862,-4.5803104158903185
408,youths,A,0.8351789601944039,0,0.16482103980559623,5,0.1,true,9.97276493666627,14.941245557401395
297,youths,B,0.3118581195773144,0.488582071396752,0.19955980902593362,1,0.1,false,4.640598509237062,17.28627535459085
16,youths,None,0.1959313504420117,0.08852963379237357,0.7155390157656148,4,0.1,false,2.6341694424301494,-6.065118396411274
563,nonyouths,B,0,0.7972922481140853,0.20270775188591475,2,0.1,true,19.065009357896734,-5.760311126922522
537,nonyouths,B,0.12303709347260486,0.8769629065273952,0,4,0.1,true,11.249840151635553,15.286198435466076
78,youths,A,1,0,0,9,0.1,true,-16.125679313306705,8.212278972193403
503,nonyouths,B,0.34357455965227124,0.3578529096920434,0.29857253065568534,8,0.1,true,9.04563769703184,0.7212267159148951
353,youths,None,0.1274237425130132,9.56177899165564E-4,0.8716200795878213,8,0.1219164686839261,false,2.4630367561268613,-8.157046677964491
543,nonyouths,None,0.15064844273265132,0.22203693958630788,0.6273146176810408,1,0.1,false,8.82336165502004,4.040813355361411
63,youths,A,0.9985307149317517,0,0.0014692850682483693,4,0.1,false,-17.115217140115263,-13.967259474538238
379,youths,A,0.4351597802566345,0.3251314794618313,0.23970874028153416,10,0.1,true,16.840654040796487,2.5916173650867194
22,youths,None,0,0,1,1,0.1,false,17.6054043651214,18.7212611272831
542,nonyouths,B,0.3038337320330234,0.43930623742855274,0.2568600305384238,8,0.1,true,-13.824724617744707,-19.968142602118903
52,youths,None,0,0,1,10,0.19450185232223077,false,-0.9628732112992928,-17.15956553290431
323,youths,A,0.6589045906592655,0.29243386209759836,0.04866154724313612,8,0.1,true,12.617142486287563,15.149323661522907
164,youths,None,0,0.24555834115563013,0.7544416588443699,3,0.24753483257897385,false,17.217794560764865,-10.179339913603817
548,nonyouths,B,0.27433836335388984,0.4925206793779645,0.23314095726814577,0,0.1,false,5.929715988410891,-15.422615603951101
450,youths,A,0.9705182893335035,0,0.029481710666496425,4,0.1,false,-15.873325839425359,-14.945074286803084
472,youths,None,0.3027335586224377,0,0.6972664413775622,7,0.1,false,16.167818465592475,12.046173534750487
160,youths,A,0.5528768789910508,0.20955400050545317,0.23756912050349607,8,0.13346744167396013,true,-13.890464034757033,8.812927617537987
121,youths,B,0,0.8276272662376095,0.1723727337623906,1,0.1,true,-2.1276649177881524,13.645736182512664
114,youths,None,0,0,1,10,0.1,false,13.491531665902755,3.9639836616540904
10,youths,None,0,0,1,5,0.1,false,-14.60840249242503,-9.608426134235133
117,youths,None,0,0.03545086374755295,0.9645491362524471,4,0.1,false,8.800047801688848,-11.832729653802533
260,youths,B,0.2858808650175646,0.4996752017344973,0.21444393324793812,3,0.1,true,5.826845354167244,3.937039495427875
492,youths,None,0.0313227784889062,0.06940103512629707,0.8992761863847968,9,0.1283257518454068,false,0.9742621396911098,-10.406584976943401
410,youths,B,0,0.9105194936020533,0.08948050639794662,4,0.17732399230480106,true,-9.98070394138683,-9.068386247562279
180,youths,None,0,0,1,5,0.1,false,19.334524104011507,-14.742686758320982
35,youths,None,0.09803115164300556,0,0.9019688483569944,10,0.1,false,-15.031275091079511,-16.811383071559124
0,youths,A,0.762588230054034,0,0.23741176994596588,0,0.1,false,1.6073947052810276,-9.409518127228514
150,youths,B,0.2244715336311695,0.7526086506417667,0.022919815727063808,9,0.1,true,-6.118373973319123,-2.3865109366531705
437,youths,None,0.2092222206863954,0.2526769043743849,0.5381008749392198,9,0.1,true,19.156641426340904,-12.922495837083641
242,youths,A,0.746603754297133,0,0.2533962457028669,8,0.1,true,6.507685680189418,16.497198199785167
20,youths,None,0.05694981432650554,0,0.9430501856734944,1,0.1,false,0.9669991949839236,19.391180537874895
485,youths,B,0,0.6940798242710063,0.30592017572899377,8,0.1,true,5.801146601270972,-13.367945133929735
576,nonyouths,B,0.22159354270524725,0.4369862390547437,0.34142021824000907,4,0.1,true,-12.6499984446906,12.798643712493423
239,youths,B,0,0.634240178912794,0.36575982108720584,1,0.1,false,18.810354019960037,-0.9918808903828982
461,youths,None,0.051214125513709456,0.02414352105469385,0.9246423534315967,0,0.12467225246875967,false,-3.9761521422907293,-6.338883558303591
592,nonyouths,None,0.35274293181790495,0.19600699840779545,0.45125006977429966,8,0.1,true,18.91141336952345,1.8158104043081345
176,youths,None,0.08346362083363887,0.4402232646252164,0.4763131145411448,8,0.1,true,19.117037900531898,14.408861791447734
357,youths,None,0.33688092671567915,0.2574761740001979,0.40564289928412295,3,0.1,true,-6.98423280396862,-18.405526199435254
402,youths,A,1,0,0,2,0.1,true,-17.70705991463649,9.38034433724771
347,youths,B,0,0.8817591076152874,0.11824089238471251,5,0.1,true,-16.696700058483266,-11.420665802858592
528,nonyouths,None,0.09324224019519829,0.4295074847632513,0.4772502750415503,1,0.1,false,-15.087307562137397,-3.2613024021410517
185,youths,B,0.32652909371804745,0.4735290969788053,0.19994180930314726,5,0.1,true,3.4342572261602733,18.27105604425593
304,youths,None,0.24281992938197633,0,0.7571800706180236,9,0.17978282630961065,false,-5.260759035337539,9.054613581491761
524,nonyouths,None,0.030482558619675304,0.45756271860717923,0.5119547227731456,3,0.1,false,-3.848066374280311,-16.29353089649592
83,youths,A,0.8372453243133136,0,0.1627546756866865,1,0.1,false,16.507423402297356,13.184226309321822
199,youths,None,0.2401071682656569,0.30349606012796254,0.45639677160638065,5,0.1,true,14.267918580851813,-10.805735070103118
154,youths,None,0.33576836333165766,0,0.6642316366683424,5,0.1,false,-5.523037680160142,1.7589186701854445
133,youths,None,0.13453665287244534,0.15836510668343148,0.7070982404441233,1,0.1,false,2.0682003843921564,-12.813729248871262
511,nonyouths,B,0,0.5028114169617811,0.49718858303821883,7,0.1,true,5.925214916712164,-8.320880528055627
580,nonyouths,None,0,0.2852452205333565,0.7147547794666435,2,0.1,false,17.140434167397046,3.904602341878853
116,youths,None,0.03970942472290521,0.40379842113241227,0.5564921541446824,4,0.1,false,2.5480593422088056,2.3437497132316096
43,youths,None,0,0.11577744719597556,0.8842225528040245,6,0.18181712199647362,false,-5.175632586919919,20.04067130749246
336,youths,B,0,0.8637666570100796,0.13623334298992038,0,0.1,false,6.4767379847124396,0.7014197522556351
458,youths,None,0.3352661973495161,0.2154432760818815,0.4492905265686024,0,0.11406009951220406,false,-11.064852828662643,-0.22591022626610524
579,nonyouths,A,0.48904717159229655,0.3683754755827715,0.142577352824932,1,0.1,false,-4.25322336636248,11.229635619703206
469,youths,None,0,0.09191416558005969,0.9080858344199403,9,0.1,false,-7.649042845429284,-0.4159597874000447
451,youths,B,0,0.5531496487379082,0.44685035126209166,6,0.1,false,15.371038860597167,2.1864538867619387
387,youths,None,0.23184324167299714,0.22090620770266337,0.5472505506243395,4,0.1,false,-12.834873805720914,2.620404282070151
339,youths,None,0,0.2758405846845983,0.7241594153154017,7,0.1,false,-16.27412237798766,14.79280544909431
283,youths,None,0.3437157051192255,0,0.6562842948807747,1,0.1,false,15.883794983380817,10.792747187086878
296,youths,None,0,0,1,5,0.1,false,14.790763056953274,6.312598875816388
509,nonyouths,B,0,0.8515294647293993,0.14847053527060064,6,0.1,true,-4.903426647749907,13.6675523635056
248,youths,None,0.13269406232947983,0.3500452685595198,0.5172606691110004,8,0.1,true,-2.341790297799399,-16.305820743180995
352,youths,B,0,0.8261036015778845,0.1738963984221155,2,0.1,true,19.296027180053166,13.41359353840857
449,youths,B,0,0.5020773355477303,0.4979226644522696,4,0.19323168779926436,true,-19.339064711133087,-1.4215312888651574
175,youths,None,0.2446201326436032,0,0.7553798673563968,3,0.1,false,20.13747707405446,-13.421517966922032
306,youths,A,0.5491920436761887,0,0.4508079563238114,3,0.1,false,-14.636708134708151,6.104874959806512
506,nonyouths,B,0.22738800086981004,0.5512325785903813,0.22137942053980858,1,0.1,false,6.643208359572405,-1.4551635628295116
48,youths,None,0.11754320559498196,0,0.882456794405018,8,0.1,false,18.84551669109306,-9.051651835696255
141,youths,None,0.40269171410872073,0,0.5973082858912793,3,0.1,false,-7.783268445106195,-10.16036637598571
319,youths,None,0.3759219628591278,0,0.6240780371408722,7,0.10575586547161517,true,-14.538497811042813,-1.4443750967009947
245,youths,A,0.769505673398592,0,0.23049432660140814,6,0.1,true,19.74494032269159,18.0919869880817
28,youths,B,0.2593062697471495,0.7406937302528505,0,7,0.1,true,-2.7255031183498097,-8.189722276258637
183,youths,B,0.02720853866813835,0.9727914613318617,0,6,0.1,true,-6.5884497446023325,-4.009387196930081
123,youths,A,0.7574014664589395,0.05385980356063712,0.18873872998042338,1,0.1,true,-19.186565159225772,8.540339125384428
308,youths,None,0.3321316883518438,0,0.6678683116481562,3,0.1,false,16.144815958568238,1.3384920471864206
120,youths,None,0.41031474744983004,0,0.58968525255017,1,0.1,false,6.661594468862592,-6.232000060073755
459,youths,None,0.38977155162616633,0.027829310698630965,0.5823991376752028,4,0.1,false,-12.526365045020198,-7.332739345322635
558,nonyouths,A,1,0,0,2,0.1,true,5.453979675378896,-7.419676852263571
287,youths,None,0,0,1,0,0.1699515772877468,false,-11.025761862246192,19.965663637337997
438,youths,None,0.2976272946739553,0.3308173307791709,0.3715553745468738,2,0.1,false,4.114125375007546,-16.281901224498032
130,youths,A,1,0,0,5,0.1,true,11.543405875815132,-18.955032033329147
155,youths,B,0,1,0,5,0.1,true,6.8258429649522725,-10.79511609812947
272,youths,A,0.8782251911801638,0.053812235986646625,0.06796257283318957,1,0.1,true,-17.21264245860145,2.510640163016994
583,nonyouths,A,0.4532945684498727,0.3004907345331442,0.24621469701698329,6,0.1,true,-15.05646589793618,-8.337209029643834
179,youths,None,0,0.18044253901810564,0.8195574609818944,6,0.1,false,5.182606707297833,-5.33111279704711
300,youths,None,0.0799962494532593,0,0.9200037505467406,5,0.1,false,7.179996503637071,14.491022773175033
424,youths,B,0,0.7008438958460249,0.29915610415397514,6,0.1,true,5.223309065750758,-0.8526367180927821
316,youths,B,0.1257084374594787,0.6751098627167803,0.19918169982374093,6,0.1,true,-9.090439407018781,4.337231085229433
4,youths,None,0.394416983175455,0.18457865779872967,0.42100435902581546,8,0.1,true,18.018296668743318,7.964203731793308
45,youths,B,0.23325184888968525,0.508126630318051,0.25862152079226375,1,0.1,true,11.091815772225377,-8.643284519333621
452,youths,A,0.6012052639046229,0.29293794370575776,0.10585679238961937,1,0.1,true,-13.477258658108372,-10.075562467428588
313,youths,B,0,0.7585550128574469,0.2414449871425531,8,0.1,true,5.6702919518990385,-12.093526401545356
365,youths,None,0.24463885091797918,0.13928283481917067,0.6160783142628501,5,0.1,false,18.460023707248233,-13.673809014544698
367,youths,B,0.13783813868638523,0.6739141395603575,0.18824772175325732,4,0.1629607242764552,true,13.992899310772763,13.188416600457373
486,youths,B,0.22870932583955977,0.5722938255043111,0.19899684865612915,6,0.1,true,12.884492062295472,-3.2420170849095555
599,nonyouths,A,0.4542146552391352,0.12981255576220213,0.4159727889986627,6,0.1,true,12.968834063584566,-9.202207792351356
432,youths,B,0,0.7004011734016433,0.2995988265983567,6,0.1,false,-19.860032918578394,-4.884279281262588
571,nonyouths,None,0,0,1,5,0.1,false,-16.250706362266442,15.393308753684991
538,nonyouths,None,0.07611029096946137,0.26541764304223264,0.658472065988306,6,0.1,false,4.422495425510004,11.77531713463302
505,nonyouths,None,0.02523143363149427,0.318605228200639,0.6561633381678666,3,0.1,false,-16.270734289237424,16.792612583334254
166,youths,A,0.6068326116676257,0.21816740467862505,0.17499998365374922,9,0.1,true,-9.520193417563043,17.309720028556768
403,youths,B,0,1,0,7,0.1,true,-14.664313263500098,-15.36626855966287
381,youths,A,0.5170960976972502,0.4533377628855842,0.029566139417165627,5,0.2069958414019032,true,-16.955582565584912,-12.425621875333567
161,youths,A,0.6502436666773372,0.08689581924272563,0.2628605140799371,5,0.1,true,-11.154727960131698,-11.619803776997633
479,youths,A,0.7151344361983906,0.10314177870777376,0.18172378509383574,4,0.1,false,18.85455382599099,-16.352552485524292
192,youths,None,0.12218232554132723,0.43487827637709925,0.4429393980815735,10,0.1,true,-0.4198638925670508,7.755767045644671
490,youths,None,0.10216690528629224,0.40224487864744357,0.49558821606626413,0,0.1,false,-12.081106193590225,3.0703804757001407
149,youths,None,0.07212166895721275,0.3836673599547847,0.5442109710880025,3,0.1,false,0.72481753845166,-3.461633732253592
13,youths,B,0,1,0,5,0.1,true,2.2842269857206183,1.6757253185312315
85,youths,None,0.058059132573742525,0.37110191972759426,0.5708389476986633,6,0.1,true,-16.756785188144683,-17.650232542792207
578,nonyouths,A,0.3596770304282843,0.3388377288761814,0.3014852406955344,4,0.1,true,-13.772832475153999,-0.5831381007738976
369,youths,None,0.039336350595034236,0,0.9606636494049658,10,0.18711620962084763,false,19.20018015380105,-9.558076239098911
355,youths,None,0,0.4750903028986938,0.5249096971013062,5,0.2997098569967889,false,8.55729221518035,-2.653261779891391
482,youths,None,0.3749247994832152,0.10084158338207305,0.5242336171347117,8,0.1,true,-11.032939219700785,6.01370886538955
569,nonyouths,None,0,0.08048395970009016,0.9195160402999097,1,0.1,false,-15.232097392434607,-0.16096264944005512
109,youths,B,0.018570158382386848,0.7600773854463789,0.2213524561712342,6,0.1,true,-1.56640615022404,-6.653421684396131
412,youths,B,0.0011241275149220797,0.5118808744876496,0.4869949979974283,0,0.1,false,-6.075391266993837,14.023951294551303
217,youths,None,0,0.22851270329345091,0.771487296706549,4,0.1,false,5.410074301713728,11.215530438840663
322,youths,B,0.3248606836674276,0.5573959946618768,0.11774332167069572,0,0.1,false,4.053823941116526,0.8032209230960987
555,nonyouths,A,0.5828658320390206,0.28072740293300064,0.13640676502797872,2,0.1,true,10.377975957486754,-1.308455173728884
233,youths,None,0.3794384481198415,0,0.6205615518801585,4,0.10367935792434453,false,-12.327123459983683,-10.403388578449995
371,youths,B,0,1,0,5,0.18917159848128112,true,5.908096008757781,-12.05148413865882
356,youths,B,0,0.9083681391137962,0.09163186088620368,9,0.1,true,-7.006255461005157,-9.904019022465539
97,youths,A,0.5035363279467732,0,0.4964636720532269,3,0.1428812126011133,false,-7.40618090094827,-0.1770780000996055
169,youths,None,0.14798339048107798,0.03534856329101175,0.8166680462279103,1,0.1,false,11.323356636785253,-5.308831281508327
267,youths,None,0,0.06891369775428131,0.9310863022457186,3,0.1,false,-13.35062818291642,-9.646340091485348
397,youths,None,0.03348947005424368,0.4634838520426181,0.5030266779031383,8,0.1,true,-12.789846060639753,-8.582980571149756
310,youths,A,0.49359798945951827,0.3551235926895482,0.15127841785093354,0,0.1,false,12.83248037651257,-9.676586416974587
115,youths,A,0.9406248477796326,0,0.05937515222036741,3,0.1,true,-4.388130968813542,-19.228255720957257
513,nonyouths,B,0.3992806110832843,0.6007193889167157,0,1,0.1,true,-2.204650022866339,-3.2998766515086473
431,youths,B,0.01882282208491616,0.6198573375574093,0.36131984035767456,0,0.1,false,6.536893681419979,1.1014202033233929
324,youths,None,0.2348999621153954,0.19918439038134242,0.5659156475032622,5,0.1,false,-5.488020914137405,9.226981950859265
24,youths,None,0.07450996679259649,0,0.9254900332074036,10,0.1,false,-9.698767542752817,3.6340688563816173
518,nonyouths,A,0.5931579687002431,0,0.40684203129975693,4,0.1,false,-12.05194905513125,11.461749255366499
108,youths,None,0,0.41454867735522116,0.585451322644779,7,0.1,true,7.489699742750485,-7.768220802162423
593,nonyouths,B,0.1635418341964026,0.8364581658035974,0,1,0.1,false,-15.421267351767684,-12.833124595597852
173,youths,None,0,0.3936681954094779,0.6063318045905222,8,0.1,true,17.45727011863115,19.801853930021295
591,nonyouths,A,1,0,0,2,0.1,false,7.154538057409809,-16.869697505706522
90,youths,None,0,0.006164697491380889,0.9938353025086191,5,0.13426079554323464,false,1.3963974285163019,-10.875411791317763
320,youths,None,0.07367535122494082,0.07780313450587613,0.8485215142691831,0,0.12358922291587245,false,17.207542633578484,15.285207646414342
171,youths,None,0,0.22380368860349134,0.7761963113965088,3,0.1,false,1.8277369513774637,-11.179324464886804
567,nonyouths,A,0.43180660194253007,0.2197546463503036,0.34843875170716637,2,0.1,true,-4.590643107514762,-5.189517875572745
390,youths,B,0,0.5654800097585326,0.4345199902414675,10,0.1,true,6.433455942269379,4.175894596768565
448,youths,B,0.18078841428993853,0.5042937697001172,0.3149178160099444,7,0.1,true,-19.098669147025188,7.605965098704207
384,youths,None,0.23247183514017625,0,0.7675281648598238,3,0.1,false,-10.31255888835343,11.298569373076635
455,youths,None,0.35305554333491346,0,0.6469444566650865,5,0.1,false,7.441164194404422,-1.829587435909982
209,youths,None,0.46449773415581513,0.056284447875626496,0.4792178179685584,3,0.1,false,11.947209175998054,4.855359069640002
159,youths,A,0.6119431699479541,0.38805683005204594,0,5,0.1,true,19.41303816478461,13.207868957259429
122,youths,A,1,0,0,1,0.1,true,-16.34993648362032,7.952471390813688
446,youths,B,0,0.925076308045924,0.07492369195407611,9,0.1,true,5.5981507175535405,2.4918351387326503
257,youths,A,0.7353457979706254,0,0.2646542020293747,8,0.1,true,17.079044477329106,-17.15375715496887
235,youths,A,0.8634431833458339,0,0.13655681665416608,2,0.1,true,-17.577087974584664,3.221680937402205
81,youths,None,0.07044521134393866,0.05711726245168838,0.872437526204373,5,0.1,false,8.537331686706374,-0.07506698171387072
399,youths,None,0.05296097009673945,0,0.9470390299032605,4,0.1,false,-5.055002223617841,5.932933956325726
516,nonyouths,None,0.06825544005259768,0.2096599246274099,0.7220846353199925,3,0.1,false,13.338543584667143,-0.3720582163736381
568,nonyouths,None,0.27900696177888856,0.2564369413094601,0.46455609691165134,1,0.1,false,-10.217851230666138,15.089043292970658
262,youths,B,0.095574435469999,0.5020013086119002,0.4024242559181009,8,0.1,false,-3.652913201916455,-5.93894922936321
491,youths,A,0.5811695903450101,0.14164837076602163,0.2771820388889682,1,0.1,false,-0.005531649176930387,19.88678595381228
254,youths,None,0,0.40034110241934484,0.5996588975806552,2,0.1,false,2.508134242402299,4.122202664407858
215,youths,None,0.25923842487421084,0.12633233225788956,0.6144292428678997,9,0.1,false,-10.249900937329185,-13.350841929619111
42,youths,None,0.1122240705611081,0.280385034058237,0.6073908953806549,1,0.1,false,7.553858554593962,-5.985605416851508
261,youths,B,0.22677430874282178,0.5155023285986929,0.25772336265848533,6,0.1,true,15.077367575193925,-8.042455610859177
64,youths,B,0.23167616798093096,0.5888817332295572,0.17944209878951192,9,0.1,true,2.9361013922112065,8.8133844821871
82,youths,B,0.013495777781898248,0.6641408961585771,0.32236332605952467,9,0.1,true,-5.1539665492353475,-17.27501511792686
184,youths,B,0,0.5370607973457165,0.4629392026542833,6,0.1,false,3.44688592317949,6.352284687399731
445,youths,A,0.8130963108776058,0.09944088269143554,0.08746280643095876,6,0.1,true,-2.1675263456732203,-5.3276405759859085
38,youths,A,0.8844774460556007,0.11552255394439921,0,4,0.1,true,-14.482623409540896,8.632655635191295
588,nonyouths,None,0,0.4871784165083654,0.5128215834916345,3,0.1,false,-8.183092913101662,20.120777765540637
201,youths,B,0,1,0,6,0.1,true,-7.896045044158363,-12.835846056596766
228,youths,None,0,0.4634189487420719,0.536581051257928,2,0.1,false,-19.819249145845962,-8.944420260996099
270,youths,A,1,0,0,7,0.18772421279652263,true,-17.048905358266204,-14.8007592424686
190,youths,B,0,0.6819478615209977,0.31805213847900227,5,0.1,true,20.027059885906084,-4.112226072213456
124,youths,None,0.3312491485645071,0.057213899004997855,0.6115369524304951,0,0.1,false,2.6607966071186375,12.58220093304508
481,youths,B,0,0.6200824244377386,0.3799175755622614,0,0.23083618956999752,false,-7.706784758520241,-10.431923127202138
405,youths,A,0.3957420525472083,0.2975868785665526,0.30667106888623913,1,0.1,false,17.40289980012072,-0.30512491061156766
278,youths,B,0.2246459422477528,0.5844996065488822,0.19085445120336497,0,0.1,false,18.233100957224302,0.4914632801085652
1,youths,A,0.8984788151130231,0.10152118488697695,0,7,0.1,true,-7.719130776059798,7.950166596202383
370,youths,A,0.7589097831258086,0.022257495937206467,0.21883272093698491,3,0.1,true,-11.69851256054856,-13.29855703910711
597,nonyouths,A,0.5877793102630385,0.214975699914948,0.19724498982201358,0,0.1,false,-13.718872467767866,7.995151655958622
564,nonyouths,B,0,0.7390109148845839,0.2609890851154161,4,0.1,true,-20.066576505270866,-4.816333359805466
100,youths,None,0,0,1,10,0.1,false,5.123063363581622,7.915111047594678
136,youths,B,0.03510245819442028,0.9648975418055797,0,10,0.13077896657008956,true,-3.038402746294935,-9.497715477440895
326,youths,None,0,0,1,9,0.1,false,1.398710504470678,-7.6200453232933025
473,youths,A,0.7573906927111147,0,0.24260930728888527,8,0.1,true,-4.449101844197791,2.3771697123214786
534,nonyouths,A,0.5029449296127418,0,0.4970550703872582,6,0.1,false,-7.226550727460458,11.800416351412132
554,nonyouths,None,0.06274650513434903,0.35288195251338317,0.5843715423522678,6,0.1,false,-10.463484684196164,4.8271874867608915
243,youths,A,0.6334767290249402,0.06098362640530006,0.30553964456975974,0,0.1,false,6.151132593993111,-7.156211753430899
135,youths,None,0,0.17220648263883717,0.8277935173611627,7,0.1,false,8.210181459403092,2.222057328337023
325,youths,None,0.13575855327839648,0,0.8642414467216034,6,0.1,false,1.4957378196858038,-4.154324280438335
519,nonyouths,A,0.6318780359947814,0,0.36812196400521846,2,0.1,false,-13.147951179549763,14.360557528728194
420,youths,B,0.35578330663242175,0.54017137215922,0.1040453212083584,5,0.1,true,-2.4113199881292076,-14.157763510206355
590,nonyouths,None,0,0.23213420501826382,0.7678657949817361,8,0.1,false,16.20457468450782,-15.1364451441919
343,youths,None,0,0.4982898460168726,0.5017101539831275,1,0.1,false,1.5221043068192301,14.769228724529327
359,youths,None,0,0.11684298955976148,0.8831570104402385,7,0.2971610644211283,false,-12.872116715091384,-5.310403817292851
277,youths,None,0.07234315487588497,0.2806589819301372,0.6469978631939778,8,0.1,false,-13.325897402649169,17.00211515889505
332,youths,A,0.5803589030167988,0.25256638296828327,0.16707471401491797,5,0.1,true,7.171188652026554,-17.25386696130067
204,youths,None,0,0.1986066388291795,0.8013933611708206,9,0.2136511984617961,false,-3.2857010011782783,13.548319428118283
540,nonyouths,None,0.12198653503600589,0,0.8780134649639941,7,0.1,false,-18.939338108599724,-4.964759118742135
285,youths,None,0,0.4444094677498326,0.5555905322501673,5,0.1,true,10.334976873785482,-0.5671180863310035
246,youths,A,0.7138085857279785,0.23317327592037135,0.053018138351650194,0,0.1,true,19.45138806249112,-0.1898125568444513
241,youths,A,0.4470842335403728,0.34469110561444344,0.2082246608451837,4,0.1,false,-9.180564861684536,1.5634817155959624
573,nonyouths,A,0.47690769772429686,0.09795545197671768,0.42513685029898546,8,0.10403982768592765,true,10.279923420376818,11.034839949281842
585,nonyouths,None,0.2717433141488681,0.2726155439824328,0.45564114186869914,2,0.1,false,1.0767590729166443,-18.887638545511464
362,youths,B,0.3473367650617342,0.43556774031335066,0.2170954946249152,9,0.1,true,-2.628964863066617,-6.724241509764681
510,nonyouths,B,0.07814839910122437,0.5737789490698515,0.34807265182892405,1,0.1,false,7.6078717039894315,-8.194358756807896
36,youths,None,0,0.36556437367472544,0.6344356263252745,7,0.1,false,8.966665715284062,17.059252993580685
533,nonyouths,B,0.22261665376358697,0.6297185369525979,0.14766480928381506,1,0.1,true,0.43136959812601106,-14.326053300731742
363,youths,A,0.5063896930260392,0.056294862280291416,0.43731544469366934,4,0.1,false,19.38493813217798,-20.34500887701448
140,youths,B,0.04085287698002204,0.9591471230199778,0,8,0.1,true,-1.6019934956741935,-10.90080842678274
291,youths,None,0,0.007782924605125949,0.992217075394874,4,0.1,false,19.435682113601324,-10.83303126315992
128,youths,B,0.2891862554078532,0.6916354361078715,0.019178308484275444,1,0.1,true,1.6061012421171164,-13.998698349961874
368,youths,A,0.34541413562947765,0.3403868481054736,0.31419901626504876,10,0.1,true,4.291062294202703,-3.153013534330686
68,youths,None,0.05623907274442866,0.256791593767601,0.6869693334879704,4,0.1,false,3.3436415165228297,13.256940647855622
460,youths,None,0,0,1,9,0.1,false,12.706689828477565,4.263249078889299
483,youths,B,0.06865479479297676,0.6244713916216331,0.30687381358539007,2,0.1,false,7.064063154357122,-10.85863534961482
86,youths,None,0.06611415578282223,0,0.9338858442171777,10,0.1,false,5.427906649057064,-6.851691210263992
586,nonyouths,A,0.5782890779760794,0.3757646173966791,0.045946304627241585,8,0.1,true,-4.558934341535036,13.794540323254843
208,youths,A,0.7632582521698517,0,0.23674174783014829,2,0.17034122491807274,false,15.312764704652132,13.482894363525567
522,nonyouths,None,0.11214221020240997,0.005239968368264358,0.8826178214293257,7,0.1,false,-20.189101187866527,-6.572107579476539
216,youths,None,0,0.25887279274416924,0.7411272072558307,4,0.23658715963085264,false,-13.436063773783431,17.50977808153722
187,youths,None,0,0,1,0,0.1924315849167063,false,0.5126291731444113,-17.78383345251192
94,youths,None,0,0.02666976407114807,0.9733302359288519,5,0.1,false,7.174119397995479,3.713493564519702
49,youths,None,0,0,1,10,0.1,false,0.9946483774257047,-3.945801721704054
111,youths,None,0,0,1,9,0.1,false,-12.58050876655004,-9.783928738072762
